id,name,model_id:id,group_id:id,perm_read,perm_write,perm_create,perm_unlink
access_tbai_tax_map_account_invoice,tbai.tax.map account.invoice,model_tbai_tax_map,account.group_account_invoice,1,0,0,0
access_tbai_tax_map_account_manager,tbai.tax.map account.manager,model_tbai_tax_map,account.group_account_manager,1,1,1,1
access_tbai_tax_agency_account_invoice,tbai.tax.agency account.invoice,model_tbai_tax_agency,account.group_account_invoice,1,0,0,0
access_tbai_tax_agency_account_manager,tbai.tax.agency account.manager,model_tbai_tax_agency,account.group_account_manager,1,1,1,1
access_tbai_tax_agency_version_account_invoice,tbai.tax.agency.version account.invoice,model_tbai_tax_agency_version,account.group_account_invoice,1,0,0,0
access_tbai_tax_agency_version_account_manager,tbai.tax.agency.version account.manager,model_tbai_tax_agency_version,account.group_account_manager,1,1,1,1
access_tbai_vat_regime_key_account_invoice,tbai.vat.regime.key account.invoice,model_tbai_vat_regime_key,account.group_account_invoice,1,0,0,0
access_tbai_vat_regime_key_account_manager,tbai.vat.regime.key account.manager,model_tbai_vat_regime_key,account.group_account_manager,1,1,1,1
access_tbai_vat_exemption_key_account_invoice,tbai.vat.exemption.key account.invoice,model_tbai_vat_exemption_key,account.group_account_invoice,1,0,0,0
access_tbai_vat_exemption_key_account_manager,tbai.vat.exemption.key account.manager,model_tbai_vat_exemption_key,account.group_account_manager,1,1,1,1
access_account_fiscal_position_tbai_tax_account_invoice,account.fiscal.position.tbai.tax account.invoice,model_account_fiscal_position_tbai_tax,account.group_account_invoice,1,0,0,0
access_account_fiscal_position_tbai_tax_account_manager,account.fiscal.position.tbai.tax account.manager,model_account_fiscal_position_tbai_tax,account.group_account_manager,1,1,1,1
access_account_fiscal_position_tbai_tax_template_account_invoice,account.fiscal.position.tbai.tax.template account.invoice,model_account_fiscal_position_tbai_tax_template,account.group_account_invoice,1,0,0,0
access_account_fiscal_position_tbai_tax_template_account_manager,account.fiscal.position.tbai.tax.template account.manager,model_account_fiscal_position_tbai_tax_template,account.group_account_manager,1,0,0,0
access_tbai_invoice_customer_invoice_account_invoice,tbai.invoice.customer.invoice account.invoice,model_tbai_invoice_customer_invoice,account.group_account_invoice,1,0,1,0
access_tbai_invoice_customer_cancellation_account_invoice,tbai.invoice.customer.cancellation account.invoice,model_tbai_invoice_customer_cancellation,account.group_account_invoice,1,0,1,0
access_tbai_response,tbai.response account.invoice,model_tbai_response,account.group_account_invoice,1,0,0,0
access_tbai_response_message,tbai.response.message account.invoice,model_tbai_response_message,account.group_account_invoice,1,0,0,0
